{
  "base_size": [8, 8],
  "nineslice_size": [3.96875, 3.96875, 3.96875, 3.96875]
}
